<?xml version="1.0" ?>
<dpinst>
	<search>
		<subDirectory>Drivers</subDirectory>
	</search>
	<language code="0x0401"> <!-- Arabic (Saudi Arabia) -->
		<!-- Title -->
		<dpinstTitle>Intel(R) Virtual RAID on CPU</dpinstTitle>
		<!-- Watermark -->
		<watermarkPath>Data\intel_sidebar_lefttoright.bmp</watermarkPath>
		<!-- Welcome page -->
		<welcomeTitle>Intel(R) Virtual RAID on CPU Installer</welcomeTitle>
		<welcomeIntro>This wizard will help you install the Intel(R) Virtual RAID on CPU driver software.</welcomeIntro>
		<!-- Progress page -->
		<installHeaderTitle>Installing the Intel(R) Virtual RAID on CPU software...</installHeaderTitle>
		<!-- EULA page -->
		<eulaHeaderTitle>End-User License Agreement </eulaHeaderTitle>
		<eulaYesButton>I &amp;accept the terms in the License Agreement</eulaYesButton>
		<eulaNoButton>I do n&amp;ot accept the terms in the License Agreement</eulaNoButton>
		<eula type="txt" path="Data\license.txt"/>
		<!-- Finish page -->
		<finishTitle>Completing the Intel(R) Virtual RAID on CPU Installation Wizard</finishTitle>
		<finishText>Congratulations! You are finished installing your Intel(R) Virtual RAID on CPU device drivers.</finishText>
	</language>
	<language code="0x0804"> <!-- Chinese (People's Republic of China) -->
		<!-- Title -->
		<dpinstTitle>Intel(R) Virtual RAID on CPU</dpinstTitle>
		<!-- Watermark -->
		<watermarkPath>Data\intel_sidebar_lefttoright.bmp</watermarkPath>
		<!-- Welcome page -->
		<welcomeTitle>Intel(R) Virtual RAID on CPU Installer</welcomeTitle>
		<welcomeIntro>This wizard will help you install the Intel(R) Virtual RAID on CPU driver software.</welcomeIntro>
		<!-- Progress page -->
		<installHeaderTitle>Installing the Intel(R) Virtual RAID on CPU software...</installHeaderTitle>
		<!-- EULA page -->
		<eulaHeaderTitle>End-User License Agreement </eulaHeaderTitle>
		<eulaYesButton>I &amp;accept the terms in the License Agreement</eulaYesButton>
		<eulaNoButton>I do n&amp;ot accept the terms in the License Agreement</eulaNoButton>
		<eula type="txt" path="Data\license.txt"/>
		<!-- Finish page -->
		<finishTitle>Completing the Intel(R) Virtual RAID on CPU Installation Wizard</finishTitle>
		<finishText>Congratulations! You are finished installing your Intel(R) Virtual RAID on CPU device drivers.</finishText>
	</language>
	<language code="0x0404"> <!-- Chinese (Taiwan) -->
		<!-- Title -->
		<dpinstTitle>Intel(R) Virtual RAID on CPU</dpinstTitle>
		<!-- Watermark -->
		<watermarkPath>Data\intel_sidebar_lefttoright.bmp</watermarkPath>
		<!-- Welcome page -->
		<welcomeTitle>Intel(R) Virtual RAID on CPU Installer</welcomeTitle>
		<welcomeIntro>This wizard will help you install the Intel(R) Virtual RAID on CPU driver software.</welcomeIntro>
		<!-- Progress page -->
		<installHeaderTitle>Installing the Intel(R) Virtual RAID on CPU software...</installHeaderTitle>
		<!-- EULA page -->
		<eulaHeaderTitle>End-User License Agreement </eulaHeaderTitle>
		<eulaYesButton>I &amp;accept the terms in the License Agreement</eulaYesButton>
		<eulaNoButton>I do n&amp;ot accept the terms in the License Agreement</eulaNoButton>
		<eula type="txt" path="Data\license.txt"/>
		<!-- Finish page -->
		<finishTitle>Completing the Intel(R) Virtual RAID on CPU Installation Wizard</finishTitle>
		<finishText>Congratulations! You are finished installing your Intel(R) Virtual RAID on CPU device drivers.</finishText>
	</language>
	<language code="0x0405"> <!-- Czech (Czech Republic) -->
		<!-- Title -->
		<dpinstTitle>Intel(R) Virtual RAID on CPU</dpinstTitle>
		<!-- Watermark -->
		<watermarkPath>Data\intel_sidebar_lefttoright.bmp</watermarkPath>
		<!-- Welcome page -->
		<welcomeTitle>Intel(R) Virtual RAID on CPU Installer</welcomeTitle>
		<welcomeIntro>This wizard will help you install the Intel(R) Virtual RAID on CPU driver software.</welcomeIntro>
		<!-- Progress page -->
		<installHeaderTitle>Installing the Intel(R) Virtual RAID on CPU software...</installHeaderTitle>
		<!-- EULA page -->
		<eulaHeaderTitle>End-User License Agreement </eulaHeaderTitle>
		<eulaYesButton>I &amp;accept the terms in the License Agreement</eulaYesButton>
		<eulaNoButton>I do n&amp;ot accept the terms in the License Agreement</eulaNoButton>
		<eula type="txt" path="Data\license.txt"/>
		<!-- Finish page -->
		<finishTitle>Completing the Intel(R) Virtual RAID on CPU Installation Wizard</finishTitle>
		<finishText>Congratulations! You are finished installing your Intel(R) Virtual RAID on CPU device drivers.</finishText>
	</language>
	<language code="0x0406"> <!-- Danish (Denmark) -->
		<!-- Title -->
		<dpinstTitle>Intel(R) Virtual RAID on CPU</dpinstTitle>
		<!-- Watermark -->
		<watermarkPath>Data\intel_sidebar_lefttoright.bmp</watermarkPath>
		<!-- Welcome page -->
		<welcomeTitle>Intel(R) Virtual RAID on CPU Installer</welcomeTitle>
		<welcomeIntro>This wizard will help you install the Intel(R) Virtual RAID on CPU driver software.</welcomeIntro>
		<!-- Progress page -->
		<installHeaderTitle>Installing the Intel(R) Virtual RAID on CPU software...</installHeaderTitle>
		<!-- EULA page -->
		<eulaHeaderTitle>End-User License Agreement </eulaHeaderTitle>
		<eulaYesButton>I &amp;accept the terms in the License Agreement</eulaYesButton>
		<eulaNoButton>I do n&amp;ot accept the terms in the License Agreement</eulaNoButton>
		<eula type="txt" path="Data\license.txt"/>
		<!-- Finish page -->
		<finishTitle>Completing the Intel(R) Virtual RAID on CPU Installation Wizard</finishTitle>
		<finishText>Congratulations! You are finished installing your Intel(R) Virtual RAID on CPU device drivers.</finishText>
	</language>
	<language code="0x0407"> <!-- German (Germany) -->
		<!-- Title -->
		<dpinstTitle>Intel(R) Virtual RAID on CPU</dpinstTitle>
		<!-- Watermark -->
		<watermarkPath>Data\intel_sidebar_lefttoright.bmp</watermarkPath>
		<!-- Welcome page -->
		<welcomeTitle>Intel(R) Virtual RAID on CPU Installer</welcomeTitle>
		<welcomeIntro>This wizard will help you install the Intel(R) Virtual RAID on CPU driver software.</welcomeIntro>
		<!-- Progress page -->
		<installHeaderTitle>Installing the Intel(R) Virtual RAID on CPU software...</installHeaderTitle>
		<!-- EULA page -->
		<eulaHeaderTitle>End-User License Agreement </eulaHeaderTitle>
		<eulaYesButton>I &amp;accept the terms in the License Agreement</eulaYesButton>
		<eulaNoButton>I do n&amp;ot accept the terms in the License Agreement</eulaNoButton>
		<eula type="txt" path="Data\license.txt"/>
		<!-- Finish page -->
		<finishTitle>Completing the Intel(R) Virtual RAID on CPU Installation Wizard</finishTitle>
		<finishText>Congratulations! You are finished installing your Intel(R) Virtual RAID on CPU device drivers.</finishText>
	</language>
	<language code="0x0408"> <!-- Greek (Greece) -->
		<!-- Title -->
		<dpinstTitle>Intel(R) Virtual RAID on CPU</dpinstTitle>
		<!-- Watermark -->
		<watermarkPath>Data\intel_sidebar_lefttoright.bmp</watermarkPath>
		<!-- Welcome page -->
		<welcomeTitle>Intel(R) Virtual RAID on CPU Installer</welcomeTitle>
		<welcomeIntro>This wizard will help you install the Intel(R) Virtual RAID on CPU driver software.</welcomeIntro>
		<!-- Progress page -->
		<installHeaderTitle>Installing the Intel(R) Virtual RAID on CPU software...</installHeaderTitle>
		<!-- EULA page -->
		<eulaHeaderTitle>End-User License Agreement </eulaHeaderTitle>
		<eulaYesButton>I &amp;accept the terms in the License Agreement</eulaYesButton>
		<eulaNoButton>I do n&amp;ot accept the terms in the License Agreement</eulaNoButton>
		<eula type="txt" path="Data\license.txt"/>
		<!-- Finish page -->
		<finishTitle>Completing the Intel(R) Virtual RAID on CPU Installation Wizard</finishTitle>
		<finishText>Congratulations! You are finished installing your Intel(R) Virtual RAID on CPU device drivers.</finishText>
	</language>
	<language code="0x0409"> <!-- English (United States) -->
		<!-- Title -->
		<dpinstTitle>Intel(R) Virtual RAID on CPU</dpinstTitle>
		<!-- Watermark -->
		<watermarkPath>Data\intel_sidebar_lefttoright.bmp</watermarkPath>
		<!-- Welcome page -->
		<welcomeTitle>Intel(R) Virtual RAID on CPU Installer</welcomeTitle>
		<welcomeIntro>This wizard will help you install the Intel(R) Virtual RAID on CPU driver software.</welcomeIntro>
		<!-- Progress page -->
		<installHeaderTitle>Installing the Intel(R) Virtual RAID on CPU software...</installHeaderTitle>
		<!-- EULA page -->
		<eulaHeaderTitle>End-User License Agreement </eulaHeaderTitle>
		<eulaYesButton>I &amp;accept the terms in the License Agreement</eulaYesButton>
		<eulaNoButton>I do n&amp;ot accept the terms in the License Agreement</eulaNoButton>
		<eula type="txt" path="Data\license.txt"/>
		<!-- Finish page -->
		<finishTitle>Completing the Intel(R) Virtual RAID on CPU Installation Wizard</finishTitle>
		<finishText>Congratulations! You are finished installing your Intel(R) Virtual RAID on CPU device drivers.</finishText>
	</language>
	<language code="0x0C0A"> <!-- Spanish - Modern Sort (Spain) -->
		<!-- Title -->
		<dpinstTitle>Intel(R) Virtual RAID on CPU</dpinstTitle>
		<!-- Watermark -->
		<watermarkPath>Data\intel_sidebar_lefttoright.bmp</watermarkPath>
		<!-- Welcome page -->
		<welcomeTitle>Intel(R) Virtual RAID on CPU Installer</welcomeTitle>
		<welcomeIntro>This wizard will help you install the Intel(R) Virtual RAID on CPU driver software.</welcomeIntro>
		<!-- Progress page -->
		<installHeaderTitle>Installing the Intel(R) Virtual RAID on CPU software...</installHeaderTitle>
		<!-- EULA page -->
		<eulaHeaderTitle>End-User License Agreement </eulaHeaderTitle>
		<eulaYesButton>I &amp;accept the terms in the License Agreement</eulaYesButton>
		<eulaNoButton>I do n&amp;ot accept the terms in the License Agreement</eulaNoButton>
		<eula type="txt" path="Data\license.txt"/>
		<!-- Finish page -->
		<finishTitle>Completing the Intel(R) Virtual RAID on CPU Installation Wizard</finishTitle>
		<finishText>Congratulations! You are finished installing your Intel(R) Virtual RAID on CPU device drivers.</finishText>
	</language>
	<language code="0x040B"> <!-- Finnish (Finland) -->
		<!-- Title -->
		<dpinstTitle>Intel(R) Virtual RAID on CPU</dpinstTitle>
		<!-- Watermark -->
		<watermarkPath>Data\intel_sidebar_lefttoright.bmp</watermarkPath>
		<!-- Welcome page -->
		<welcomeTitle>Intel(R) Virtual RAID on CPU Installer</welcomeTitle>
		<welcomeIntro>This wizard will help you install the Intel(R) Virtual RAID on CPU driver software.</welcomeIntro>
		<!-- Progress page -->
		<installHeaderTitle>Installing the Intel(R) Virtual RAID on CPU software...</installHeaderTitle>
		<!-- EULA page -->
		<eulaHeaderTitle>End-User License Agreement </eulaHeaderTitle>
		<eulaYesButton>I &amp;accept the terms in the License Agreement</eulaYesButton>
		<eulaNoButton>I do n&amp;ot accept the terms in the License Agreement</eulaNoButton>
		<eula type="txt" path="Data\license.txt"/>
		<!-- Finish page -->
		<finishTitle>Completing the Intel(R) Virtual RAID on CPU Installation Wizard</finishTitle>
		<finishText>Congratulations! You are finished installing your Intel(R) Virtual RAID on CPU device drivers.</finishText>
	</language>
	<language code="0x040C"> <!-- French (France) -->
		<!-- Title -->
		<dpinstTitle>Intel(R) Virtual RAID on CPU</dpinstTitle>
		<!-- Watermark -->
		<watermarkPath>Data\intel_sidebar_lefttoright.bmp</watermarkPath>
		<!-- Welcome page -->
		<welcomeTitle>Intel(R) Virtual RAID on CPU Installer</welcomeTitle>
		<welcomeIntro>This wizard will help you install the Intel(R) Virtual RAID on CPU driver software.</welcomeIntro>
		<!-- Progress page -->
		<installHeaderTitle>Installing the Intel(R) Virtual RAID on CPU software...</installHeaderTitle>
		<!-- EULA page -->
		<eulaHeaderTitle>End-User License Agreement </eulaHeaderTitle>
		<eulaYesButton>I &amp;accept the terms in the License Agreement</eulaYesButton>
		<eulaNoButton>I do n&amp;ot accept the terms in the License Agreement</eulaNoButton>
		<eula type="txt" path="Data\license.txt"/>
		<!-- Finish page -->
		<finishTitle>Completing the Intel(R) Virtual RAID on CPU Installation Wizard</finishTitle>
		<finishText>Congratulations! You are finished installing your Intel(R) Virtual RAID on CPU device drivers.</finishText>
	</language>
	<language code="0x040D"> <!-- Hebrew (Israel) -->
		<!-- Title -->
		<dpinstTitle>Intel(R) Virtual RAID on CPU</dpinstTitle>
		<!-- Watermark -->
		<watermarkPath>Data\intel_sidebar_lefttoright.bmp</watermarkPath>
		<!-- Welcome page -->
		<welcomeTitle>Intel(R) Virtual RAID on CPU Installer</welcomeTitle>
		<welcomeIntro>This wizard will help you install the Intel(R) Virtual RAID on CPU driver software.</welcomeIntro>
		<!-- Progress page -->
		<installHeaderTitle>Installing the Intel(R) Virtual RAID on CPU software...</installHeaderTitle>
		<!-- EULA page -->
		<eulaHeaderTitle>End-User License Agreement </eulaHeaderTitle>
		<eulaYesButton>I &amp;accept the terms in the License Agreement</eulaYesButton>
		<eulaNoButton>I do n&amp;ot accept the terms in the License Agreement</eulaNoButton>
		<eula type="txt" path="Data\license.txt"/>
		<!-- Finish page -->
		<finishTitle>Completing the Intel(R) Virtual RAID on CPU Installation Wizard</finishTitle>
		<finishText>Congratulations! You are finished installing your Intel(R) Virtual RAID on CPU device drivers.</finishText>
	</language>
	<language code="0x040E"> <!-- Hungarian (Hungary) -->
		<!-- Title -->
		<dpinstTitle>Intel(R) Virtual RAID on CPU</dpinstTitle>
		<!-- Watermark -->
		<watermarkPath>Data\intel_sidebar_lefttoright.bmp</watermarkPath>
		<!-- Welcome page -->
		<welcomeTitle>Intel(R) Virtual RAID on CPU Installer</welcomeTitle>
		<welcomeIntro>This wizard will help you install the Intel(R) Virtual RAID on CPU driver software.</welcomeIntro>
		<!-- Progress page -->
		<installHeaderTitle>Installing the Intel(R) Virtual RAID on CPU software...</installHeaderTitle>
		<!-- EULA page -->
		<eulaHeaderTitle>End-User License Agreement </eulaHeaderTitle>
		<eulaYesButton>I &amp;accept the terms in the License Agreement</eulaYesButton>
		<eulaNoButton>I do n&amp;ot accept the terms in the License Agreement</eulaNoButton>
		<eula type="txt" path="Data\license.txt"/>
		<!-- Finish page -->
		<finishTitle>Completing the Intel(R) Virtual RAID on CPU Installation Wizard</finishTitle>
		<finishText>Congratulations! You are finished installing your Intel(R) Virtual RAID on CPU device drivers.</finishText>
	</language>
	<language code="0x0410"> <!-- Italian (Italy) -->
		<!-- Title -->
		<dpinstTitle>Intel(R) Virtual RAID on CPU</dpinstTitle>
		<!-- Watermark -->
		<watermarkPath>Data\intel_sidebar_lefttoright.bmp</watermarkPath>
		<!-- Welcome page -->
		<welcomeTitle>Intel(R) Virtual RAID on CPU Installer</welcomeTitle>
		<welcomeIntro>This wizard will help you install the Intel(R) Virtual RAID on CPU driver software.</welcomeIntro>
		<!-- Progress page -->
		<installHeaderTitle>Installing the Intel(R) Virtual RAID on CPU software...</installHeaderTitle>
		<!-- EULA page -->
		<eulaHeaderTitle>End-User License Agreement </eulaHeaderTitle>
		<eulaYesButton>I &amp;accept the terms in the License Agreement</eulaYesButton>
		<eulaNoButton>I do n&amp;ot accept the terms in the License Agreement</eulaNoButton>
		<eula type="txt" path="Data\license.txt"/>
		<!-- Finish page -->
		<finishTitle>Completing the Intel(R) Virtual RAID on CPU Installation Wizard</finishTitle>
		<finishText>Congratulations! You are finished installing your Intel(R) Virtual RAID on CPU device drivers.</finishText>
	</language>
	<language code="0x0411"> <!-- Japanese (Japan) -->
		<!-- Title -->
		<dpinstTitle>Intel(R) Virtual RAID on CPU</dpinstTitle>
		<!-- Watermark -->
		<watermarkPath>Data\intel_sidebar_lefttoright.bmp</watermarkPath>
		<!-- Welcome page -->
		<welcomeTitle>Intel(R) Virtual RAID on CPU Installer</welcomeTitle>
		<welcomeIntro>This wizard will help you install the Intel(R) Virtual RAID on CPU driver software.</welcomeIntro>
		<!-- Progress page -->
		<installHeaderTitle>Installing the Intel(R) Virtual RAID on CPU software...</installHeaderTitle>
		<!-- EULA page -->
		<eulaHeaderTitle>End-User License Agreement </eulaHeaderTitle>
		<eulaYesButton>I &amp;accept the terms in the License Agreement</eulaYesButton>
		<eulaNoButton>I do n&amp;ot accept the terms in the License Agreement</eulaNoButton>
		<eula type="txt" path="Data\license.txt"/>
		<!-- Finish page -->
		<finishTitle>Completing the Intel(R) Virtual RAID on CPU Installation Wizard</finishTitle>
		<finishText>Congratulations! You are finished installing your Intel(R) Virtual RAID on CPU device drivers.</finishText>
	</language>
	<language code="0x0412"> <!-- Korean (Korea) -->
		<!-- Title -->
		<dpinstTitle>Intel(R) Virtual RAID on CPU</dpinstTitle>
		<!-- Watermark -->
		<watermarkPath>Data\intel_sidebar_lefttoright.bmp</watermarkPath>
		<!-- Welcome page -->
		<welcomeTitle>Intel(R) Virtual RAID on CPU Installer</welcomeTitle>
		<welcomeIntro>This wizard will help you install the Intel(R) Virtual RAID on CPU driver software.</welcomeIntro>
		<!-- Progress page -->
		<installHeaderTitle>Installing the Intel(R) Virtual RAID on CPU software...</installHeaderTitle>
		<!-- EULA page -->
		<eulaHeaderTitle>End-User License Agreement </eulaHeaderTitle>
		<eulaYesButton>I &amp;accept the terms in the License Agreement</eulaYesButton>
		<eulaNoButton>I do n&amp;ot accept the terms in the License Agreement</eulaNoButton>
		<eula type="txt" path="Data\license.txt"/>
		<!-- Finish page -->
		<finishTitle>Completing the Intel(R) Virtual RAID on CPU Installation Wizard</finishTitle>
		<finishText>Congratulations! You are finished installing your Intel(R) Virtual RAID on CPU device drivers.</finishText>
	</language>
	<language code="0x0413"> <!-- Dutch (Netherlands) -->
		<!-- Title -->
		<dpinstTitle>Intel(R) Virtual RAID on CPU</dpinstTitle>
		<!-- Watermark -->
		<watermarkPath>Data\intel_sidebar_lefttoright.bmp</watermarkPath>
		<!-- Welcome page -->
		<welcomeTitle>Intel(R) Virtual RAID on CPU Installer</welcomeTitle>
		<welcomeIntro>This wizard will help you install the Intel(R) Virtual RAID on CPU driver software.</welcomeIntro>
		<!-- Progress page -->
		<installHeaderTitle>Installing the Intel(R) Virtual RAID on CPU software...</installHeaderTitle>
		<!-- EULA page -->
		<eulaHeaderTitle>End-User License Agreement </eulaHeaderTitle>
		<eulaYesButton>I &amp;accept the terms in the License Agreement</eulaYesButton>
		<eulaNoButton>I do n&amp;ot accept the terms in the License Agreement</eulaNoButton>
		<eula type="txt" path="Data\license.txt"/>
		<!-- Finish page -->
		<finishTitle>Completing the Intel(R) Virtual RAID on CPU Installation Wizard</finishTitle>
		<finishText>Congratulations! You are finished installing your Intel(R) Virtual RAID on CPU device drivers.</finishText>
	</language>
	<language code="0x0414"> <!-- Norwegian (Bokmål) (Norway) -->
		<!-- Title -->
		<dpinstTitle>Intel(R) Virtual RAID on CPU</dpinstTitle>
		<!-- Watermark -->
		<watermarkPath>Data\intel_sidebar_lefttoright.bmp</watermarkPath>
		<!-- Welcome page -->
		<welcomeTitle>Intel(R) Virtual RAID on CPU Installer</welcomeTitle>
		<welcomeIntro>This wizard will help you install the Intel(R) Virtual RAID on CPU driver software.</welcomeIntro>
		<!-- Progress page -->
		<installHeaderTitle>Installing the Intel(R) Virtual RAID on CPU software...</installHeaderTitle>
		<!-- EULA page -->
		<eulaHeaderTitle>End-User License Agreement </eulaHeaderTitle>
		<eulaYesButton>I &amp;accept the terms in the License Agreement</eulaYesButton>
		<eulaNoButton>I do n&amp;ot accept the terms in the License Agreement</eulaNoButton>
		<eula type="txt" path="Data\license.txt"/>
		<!-- Finish page -->
		<finishTitle>Completing the Intel(R) Virtual RAID on CPU Installation Wizard</finishTitle>
		<finishText>Congratulations! You are finished installing your Intel(R) Virtual RAID on CPU device drivers.</finishText>
	</language>
	<language code="0x0415"> <!-- Polish (Poland) -->
		<!-- Title -->
		<dpinstTitle>Intel(R) Virtual RAID on CPU</dpinstTitle>
		<!-- Watermark -->
		<watermarkPath>Data\intel_sidebar_lefttoright.bmp</watermarkPath>
		<!-- Welcome page -->
		<welcomeTitle>Intel(R) Virtual RAID on CPU Installer</welcomeTitle>
		<welcomeIntro>This wizard will help you install the Intel(R) Virtual RAID on CPU driver software.</welcomeIntro>
		<!-- Progress page -->
		<installHeaderTitle>Installing the Intel(R) Virtual RAID on CPU software...</installHeaderTitle>
		<!-- EULA page -->
		<eulaHeaderTitle>End-User License Agreement </eulaHeaderTitle>
		<eulaYesButton>I &amp;accept the terms in the License Agreement</eulaYesButton>
		<eulaNoButton>I do n&amp;ot accept the terms in the License Agreement</eulaNoButton>
		<eula type="txt" path="Data\license.txt"/>
		<!-- Finish page -->
		<finishTitle>Completing the Intel(R) Virtual RAID on CPU Installation Wizard</finishTitle>
		<finishText>Congratulations! You are finished installing your Intel(R) Virtual RAID on CPU device drivers.</finishText>
	</language>
	<language code="0x0416"> <!-- Portuguese (Brazil) -->
		<!-- Title -->
		<dpinstTitle>Intel(R) Virtual RAID on CPU</dpinstTitle>
		<!-- Watermark -->
		<watermarkPath>Data\intel_sidebar_lefttoright.bmp</watermarkPath>
		<!-- Welcome page -->
		<welcomeTitle>Intel(R) Virtual RAID on CPU Installer</welcomeTitle>
		<welcomeIntro>This wizard will help you install the Intel(R) Virtual RAID on CPU driver software.</welcomeIntro>
		<!-- Progress page -->
		<installHeaderTitle>Installing the Intel(R) Virtual RAID on CPU software...</installHeaderTitle>
		<!-- EULA page -->
		<eulaHeaderTitle>End-User License Agreement </eulaHeaderTitle>
		<eulaYesButton>I &amp;accept the terms in the License Agreement</eulaYesButton>
		<eulaNoButton>I do n&amp;ot accept the terms in the License Agreement</eulaNoButton>
		<eula type="txt" path="Data\license.txt"/>
		<!-- Finish page -->
		<finishTitle>Completing the Intel(R) Virtual RAID on CPU Installation Wizard</finishTitle>
		<finishText>Congratulations! You are finished installing your Intel(R) Virtual RAID on CPU device drivers.</finishText>
	</language>
	<language code="0x0816"> <!-- Portuguese (Portugal) -->
		<!-- Title -->
		<dpinstTitle>Intel(R) Virtual RAID on CPU</dpinstTitle>
		<!-- Watermark -->
		<watermarkPath>Data\intel_sidebar_lefttoright.bmp</watermarkPath>
		<!-- Welcome page -->
		<welcomeTitle>Intel(R) Virtual RAID on CPU Installer</welcomeTitle>
		<welcomeIntro>This wizard will help you install the Intel(R) Virtual RAID on CPU driver software.</welcomeIntro>
		<!-- Progress page -->
		<installHeaderTitle>Installing the Intel(R) Virtual RAID on CPU software...</installHeaderTitle>
		<!-- EULA page -->
		<eulaHeaderTitle>End-User License Agreement </eulaHeaderTitle>
		<eulaYesButton>I &amp;accept the terms in the License Agreement</eulaYesButton>
		<eulaNoButton>I do n&amp;ot accept the terms in the License Agreement</eulaNoButton>
		<eula type="txt" path="Data\license.txt"/>
		<!-- Finish page -->
		<finishTitle>Completing the Intel(R) Virtual RAID on CPU Installation Wizard</finishTitle>
		<finishText>Congratulations! You are finished installing your Intel(R) Virtual RAID on CPU device drivers.</finishText>
	</language>
	<language code="0x0419"> <!-- Russian (Russia) -->
		<!-- Title -->
		<dpinstTitle>Intel(R) Virtual RAID on CPU</dpinstTitle>
		<!-- Watermark -->
		<watermarkPath>Data\intel_sidebar_lefttoright.bmp</watermarkPath>
		<!-- Welcome page -->
		<welcomeTitle>Intel(R) Virtual RAID on CPU Installer</welcomeTitle>
		<welcomeIntro>This wizard will help you install the Intel(R) Virtual RAID on CPU driver software.</welcomeIntro>
		<!-- Progress page -->
		<installHeaderTitle>Installing the Intel(R) Virtual RAID on CPU software...</installHeaderTitle>
		<!-- EULA page -->
		<eulaHeaderTitle>End-User License Agreement </eulaHeaderTitle>
		<eulaYesButton>I &amp;accept the terms in the License Agreement</eulaYesButton>
		<eulaNoButton>I do n&amp;ot accept the terms in the License Agreement</eulaNoButton>
		<eula type="txt" path="Data\license.txt"/>
		<!-- Finish page -->
		<finishTitle>Completing the Intel(R) Virtual RAID on CPU Installation Wizard</finishTitle>
		<finishText>Congratulations! You are finished installing your Intel(R) Virtual RAID on CPU device drivers.</finishText>
	</language>
	<language code="0x041D"> <!-- Swedish (Sweden) -->
		<!-- Title -->
		<dpinstTitle>Intel(R) Virtual RAID on CPU</dpinstTitle>
		<!-- Watermark -->
		<watermarkPath>Data\intel_sidebar_lefttoright.bmp</watermarkPath>
		<!-- Welcome page -->
		<welcomeTitle>Intel(R) Virtual RAID on CPU Installer</welcomeTitle>
		<welcomeIntro>This wizard will help you install the Intel(R) Virtual RAID on CPU driver software.</welcomeIntro>
		<!-- Progress page -->
		<installHeaderTitle>Installing the Intel(R) Virtual RAID on CPU software...</installHeaderTitle>
		<!-- EULA page -->
		<eulaHeaderTitle>End-User License Agreement </eulaHeaderTitle>
		<eulaYesButton>I &amp;accept the terms in the License Agreement</eulaYesButton>
		<eulaNoButton>I do n&amp;ot accept the terms in the License Agreement</eulaNoButton>
		<eula type="txt" path="Data\license.txt"/>
		<!-- Finish page -->
		<finishTitle>Completing the Intel(R) Virtual RAID on CPU Installation Wizard</finishTitle>
		<finishText>Congratulations! You are finished installing your Intel(R) Virtual RAID on CPU device drivers.</finishText>
	</language>
	<language code="0x041F"> <!-- Turkish (Turkey) -->
		<!-- Title -->
		<dpinstTitle>Intel(R) Virtual RAID on CPU</dpinstTitle>
		<!-- Watermark -->
		<watermarkPath>Data\intel_sidebar_lefttoright.bmp</watermarkPath>
		<!-- Welcome page -->
		<welcomeTitle>Intel(R) Virtual RAID on CPU Installer</welcomeTitle>
		<welcomeIntro>This wizard will help you install the Intel(R) Virtual RAID on CPU driver software.</welcomeIntro>
		<!-- Progress page -->
		<installHeaderTitle>Installing the Intel(R) Virtual RAID on CPU software...</installHeaderTitle>
		<!-- EULA page -->
		<eulaHeaderTitle>End-User License Agreement </eulaHeaderTitle>
		<eulaYesButton>I &amp;accept the terms in the License Agreement</eulaYesButton>
		<eulaNoButton>I do n&amp;ot accept the terms in the License Agreement</eulaNoButton>
		<eula type="txt" path="Data\license.txt"/>
		<!-- Finish page -->
		<finishTitle>Completing the Intel(R) Virtual RAID on CPU Installation Wizard</finishTitle>
		<finishText>Congratulations! You are finished installing your Intel(R) Virtual RAID on CPU device drivers.</finishText>
	</language>
</dpinst>
