﻿<?xml version="1.0" encoding="utf-8"?>
<MUPDefinition xmlns="http://schemas.dell.com/openmanage/cm/2/0/mupdefinition.xsd" xmlns:xsi="http://www.w3.org/2001/XMLSchema-instance" xsi:schemaLocation="http://schemas.dell.com/openmanage/cm/2/0/mupdefinition.xsd mupdefinition.xsd">
  <packageinformation>
    <name>Intel(R) Virtual RAID on CPU</name>
    <version>6.2.2.1007</version>
    <installertype>msi</installertype>
    <packagegrouping>single_package</packagegrouping>
    <packagingtype>zip</packagingtype>
    <releasetype>DRVR</releasetype>
    <mupspecificationversion>2.4.3</mupspecificationversion>
    <supportedoperatingsystems>
      <!-- Client -->
      <osidentifier architecture="x64" name="Windows7" />
      <!-- <osidentifier architecture="x86" name="Windows7" /> -->
      <osidentifier architecture="x64" name="Windows8.1" />
      <!-- <osidentifier architecture="x86" name="Windows8.1" /> -->
      <osidentifier architecture="x64" name="Windows10" />
      <!-- <osidentifier architecture="x86" name="Windows10" /> -->
      <!-- Server -->
      <osidentifier architecture="x64" name="W2K8R2" />
      <osidentifier architecture="x64" name="W2K12R2" />
    </supportedoperatingsystems>
    <content>
      <Device componentID="100346">
        <!-- Source: iaAHCI.inf - 5.6.0.1006 -->
        <PCIInfo vendorID="8086" deviceID="1D02" />
        <PCIInfo vendorID="8086" deviceID="8C02" />
        <PCIInfo vendorID="8086" deviceID="8D02" />
        <PCIInfo vendorID="8086" deviceID="1F22" />
        <PCIInfo vendorID="8086" deviceID="A102" />
        <PCIInfo vendorID="8086" deviceID="A202" />
        <PCIInfo vendorID="8086" deviceID="A182" />
        <PCIInfo vendorID="8086" deviceID="A282" />
        <PCIInfo vendorID="8086" deviceID="A352" />
        <Image type="DRVR" version="5.6.0.1006">
          <file>production\Windows7-x64\iaahci.cat</file>
          <file>production\Windows7-x64\iaAHCI.inf</file>
          <file>production\W2K8R2-x64\iaahci.cat</file>
          <file>production\W2K8R2-x64\iaAHCI.inf</file>
        </Image>
      </Device>
      <Device componentID="100346">
        <!-- Source: iaAHCIB.inf - 5.6.0.1006 -->
        <PCIInfo vendorID="8086" deviceID="8D62" />
        <PCIInfo vendorID="8086" deviceID="1F32" />
        <PCIInfo vendorID="8086" deviceID="A252" />
        <PCIInfo vendorID="8086" deviceID="A1D2" />
        <Image type="DRVR" version="5.6.0.1006">
          <file>production\Windows7-x64\iaahcib.cat</file>
          <file>production\Windows7-x64\iaAHCIB.inf</file>
          <file>production\W2K8R2-x64\iaahcib.cat</file>
          <file>production\W2K8R2-x64\iaAHCIB.inf</file>
        </Image>
      </Device>
      <Device componentID="100346">
        <!-- Source: iaStorB.inf - 5.6.0.1006 -->
        <PCIInfo vendorID="8086" deviceID="2827" />
        <Image type="DRVR" version="5.6.0.1006">
          <file>production\Windows7-x64\iastorb.cat</file>
          <file>production\Windows7-x64\iaStorB.inf</file>
          <file>production\Windows7-x64\iaStorB.sys</file>
          <file>production\W2K8R2-x64\iastorb.cat</file>
          <file>production\W2K8R2-x64\iaStorB.inf</file>
          <file>production\W2K8R2-x64\iaStorB.sys</file>
        </Image>
      </Device>
      <Device componentID="100346">
        <!-- Source: iaStorE.inf - 5.6.0.1006 -->
        <PCIInfo vendorID="8086" deviceID="2826" subVendorID="047D" subDeviceID="1014" />
        <PCIInfo vendorID="8086" deviceID="2826" subVendorID="0481" subDeviceID="1014" />
        <PCIInfo vendorID="8086" deviceID="2826" subVendorID="0485" subDeviceID="1014" />
        <PCIInfo vendorID="8086" deviceID="2826" subVendorID="11B6" subDeviceID="1734" />
        <PCIInfo vendorID="8086" deviceID="2826" subVendorID="2010" subDeviceID="19E5" />
        <PCIInfo vendorID="8086" deviceID="2826" subVendorID="2012" subDeviceID="19E5" />
        <PCIInfo vendorID="8086" deviceID="2826" subVendorID="2013" subDeviceID="19E5" />
        <PCIInfo vendorID="8086" deviceID="2826" subVendorID="2015" subDeviceID="19E5" />
        <PCIInfo vendorID="8086" deviceID="2826" subVendorID="2016" subDeviceID="19E5" />
        <PCIInfo vendorID="8086" deviceID="2826" subVendorID="201B" subDeviceID="19E5" />
        <PCIInfo vendorID="8086" deviceID="2826" subVendorID="201D" subDeviceID="19E5" />
        <PCIInfo vendorID="8086" deviceID="2826" subVendorID="201F" subDeviceID="19E5" />
        <PCIInfo vendorID="8086" deviceID="2826" subVendorID="2822" subDeviceID="8086" />
        <PCIInfo vendorID="8086" deviceID="2826" subVendorID="306E" subDeviceID="1054" />
        <PCIInfo vendorID="8086" deviceID="2826" subVendorID="7270" subDeviceID="8086" />
        <PCIInfo vendorID="8086" deviceID="2826" />
        <Image type="DRVR" version="5.6.0.1006">
          <file>production\Windows7-x64\iastore.cat</file>
          <file>production\Windows7-x64\iaStorE.inf</file>
          <file>production\Windows7-x64\iaStorE.pdb</file>
          <file>production\Windows7-x64\iaStorE.sys</file>
          <file>production\W2K8R2-x64\iastore.cat</file>
          <file>production\W2K8R2-x64\iaStorE.inf</file>
          <file>production\W2K8R2-x64\iaStorE.pdb</file>
          <file>production\W2K8R2-x64\iaStorE.sys</file>
        </Image>
      </Device>
      <Device componentID="100346">
        <!-- Source: iaAHCI.inf - 6.2.2.1006 -->
        <PCIInfo vendorID="8086" deviceID="1D02" />
        <PCIInfo vendorID="8086" deviceID="8C02" />
        <PCIInfo vendorID="8086" deviceID="8D02" />
        <PCIInfo vendorID="8086" deviceID="1F22" />
        <PCIInfo vendorID="8086" deviceID="A102" />
        <PCIInfo vendorID="8086" deviceID="A202" />
        <PCIInfo vendorID="8086" deviceID="A182" />
        <PCIInfo vendorID="8086" deviceID="A282" />
        <PCIInfo vendorID="8086" deviceID="A352" />
        <Image type="DRVR" version="6.2.2.1006">
          <file>production\Windows8.1-x64\iaahci.cat</file>
          <file>production\Windows8.1-x64\iaAHCI.inf</file>
          <file>production\Windows10-x64\iaahci.cat</file>
          <file>production\Windows10-x64\iaAHCI.inf</file>
          <file>production\W2K12R2-x64\iaahci.cat</file>
          <file>production\W2K12R2-x64\iaAHCI.inf</file>
        </Image>
      </Device>
      <Device componentID="100346">
        <!-- Source: iaAHCIB.inf - 6.2.2.1006 -->
        <PCIInfo vendorID="8086" deviceID="8D62" />
        <PCIInfo vendorID="8086" deviceID="1F32" />
        <PCIInfo vendorID="8086" deviceID="A252" />
        <PCIInfo vendorID="8086" deviceID="A1D2" />
        <Image type="DRVR" version="6.2.2.1006">
          <file>production\Windows8.1-x64\iaahcib.cat</file>
          <file>production\Windows8.1-x64\iaAHCIB.inf</file>
          <file>production\Windows10-x64\iaahcib.cat</file>
          <file>production\Windows10-x64\iaAHCIB.inf</file>
          <file>production\W2K12R2-x64\iaahcib.cat</file>
          <file>production\W2K12R2-x64\iaAHCIB.inf</file>
        </Image>
      </Device>
      <Device componentID="100346">
        <!-- Source: iaStorB.inf - 6.2.2.1006 -->
        <PCIInfo vendorID="8086" deviceID="2827" />
        <Image type="DRVR" version="6.2.2.1006">
          <file>production\Windows8.1-x64\iastorb.cat</file>
          <file>production\Windows8.1-x64\iaStorB.inf</file>
          <file>production\Windows8.1-x64\iaStorB.pdb</file>
          <file>production\Windows8.1-x64\iaStorB.sys</file>
          <file>production\Windows10-x64\iastorb.cat</file>
          <file>production\Windows10-x64\iaStorB.inf</file>
          <file>production\Windows10-x64\iaStorB.pdb</file>
          <file>production\Windows10-x64\iaStorB.sys</file>
          <file>production\W2K12R2-x64\iastorb.cat</file>
          <file>production\W2K12R2-x64\iaStorB.inf</file>
          <file>production\W2K12R2-x64\iaStorB.pdb</file>
          <file>production\W2K12R2-x64\iaStorB.sys</file>
        </Image>
      </Device>
      <Device componentID="100346">
        <!-- Source: iaStorE.inf - 6.2.2.1006 -->
        <PCIInfo vendorID="8086" deviceID="2826" subVendorID="047D" subDeviceID="1014" />
        <PCIInfo vendorID="8086" deviceID="2826" subVendorID="0481" subDeviceID="1014" />
        <PCIInfo vendorID="8086" deviceID="2826" subVendorID="0485" subDeviceID="1014" />
        <PCIInfo vendorID="8086" deviceID="2826" subVendorID="11B6" subDeviceID="1734" />
        <PCIInfo vendorID="8086" deviceID="2826" subVendorID="2010" subDeviceID="19E5" />
        <PCIInfo vendorID="8086" deviceID="2826" subVendorID="2012" subDeviceID="19E5" />
        <PCIInfo vendorID="8086" deviceID="2826" subVendorID="2013" subDeviceID="19E5" />
        <PCIInfo vendorID="8086" deviceID="2826" subVendorID="2015" subDeviceID="19E5" />
        <PCIInfo vendorID="8086" deviceID="2826" subVendorID="2016" subDeviceID="19E5" />
        <PCIInfo vendorID="8086" deviceID="2826" subVendorID="201B" subDeviceID="19E5" />
        <PCIInfo vendorID="8086" deviceID="2826" subVendorID="201D" subDeviceID="19E5" />
        <PCIInfo vendorID="8086" deviceID="2826" subVendorID="201F" subDeviceID="19E5" />
        <PCIInfo vendorID="8086" deviceID="2826" subVendorID="2822" subDeviceID="8086" />
        <PCIInfo vendorID="8086" deviceID="2826" subVendorID="306E" subDeviceID="1054" />
        <PCIInfo vendorID="8086" deviceID="2826" subVendorID="7270" subDeviceID="8086" />
        <PCIInfo vendorID="8086" deviceID="2826" />
        <Image type="DRVR" version="6.2.2.1006">
          <file>production\Windows8.1-x64\iastore.cat</file>
          <file>production\Windows8.1-x64\iaStorE.inf</file>
          <file>production\Windows8.1-x64\iaStorE.pdb</file>
          <file>production\Windows8.1-x64\iaStorE.sys</file>
          <file>production\Windows10-x64\iastore.cat</file>
          <file>production\Windows10-x64\iaStorE.inf</file>
          <file>production\Windows10-x64\iaStorE.pdb</file>
          <file>production\Windows10-x64\iaStorE.sys</file>
          <file>production\W2K12R2-x64\iastore.cat</file>
          <file>production\W2K12R2-x64\iaStorE.inf</file>
          <file>production\W2K12R2-x64\iaStorE.pdb</file>
          <file>production\W2K12R2-x64\iaStorE.sys</file>
        </Image>
      </Device>
      <Device componentID="100346">
        <!-- Source: iaVROC.inf - 5.6.0.1016 -->
        <PCIInfo vendorID="8086" deviceID="201D" />
        <Image type="DRVR" version="5.6.0.1016">
          <file>production\Windows7-x64\iavroc.cat</file>
          <file>production\Windows7-x64\iaVROC.inf</file>
          <file>production\Windows7-x64\iaVROC.sys</file>
          <file>production\Windows7-x64\iaVROCF.sys</file>
          <file>production\W2K8R2-x64\iavroc.cat</file>
          <file>production\W2K8R2-x64\iaVROC.inf</file>
          <file>production\W2K8R2-x64\iaVROC.sys</file>
          <file>production\W2K8R2-x64\iaVROCF.sys</file>
        </Image>
      </Device>
      <Device componentID="100346">
        <!-- Source: iaVROC.inf - 6.2.0.1234 -->
        <PCIInfo vendorID="8086" deviceID="201D" />
        <Image type="DRVR" version="6.2.0.1234">
          <file>production\Windows8.1-x64\iavroc.cat</file>
          <file>production\Windows8.1-x64\iaVROC.inf</file>
          <file>production\Windows8.1-x64\iaVROC.pdb</file>
          <file>production\Windows8.1-x64\iaVROC.sys</file>
          <file>production\Windows10-x64\iavroc.cat</file>
          <file>production\Windows10-x64\iaVROC.inf</file>
          <file>production\Windows10-x64\iaVROC.pdb</file>
          <file>production\Windows10-x64\iaVROC.sys</file>
          <file>production\W2K12R2-x64\iavroc.cat</file>
          <file>production\W2K12R2-x64\iaVROC.inf</file>
          <file>production\W2K12R2-x64\iaVROC.pdb</file>
          <file>production\W2K12R2-x64\iaVROC.sys</file>
        </Image>
      </Device>
    </content>
  </packageinformation>
  <executable>
    <executablename>dpInst.bat</executablename>
  </executable>
  <behaviors>
    <behavior name="attended" />
    <behavior name="unattended">
      <vendoroption>
        <optionvalue switch="/" requiresvalue="false">s</optionvalue>
      </vendoroption>
      <vendoroption>
        <optionvalue switch="/" requiresvalue="false">norestart</optionvalue>
      </vendoroption>
    </behavior>
    <behavior name="freshinstall" />
  </behaviors>
  <parameters>
    <parametermapping name="logfile">
      <vendoroption>
        <optionvalue switch="/" requiresvalue="true" valuedelimiter=" " enclose="&quot;">log</optionvalue>
      </vendoroption>
    </parametermapping>
  </parameters>
  <returncodes>
    <!-- Warning: If this section ever changes, then the IIF 4.0 BA needs to be updated as well. -->
    <!-- Success codes -->
    <returncodemapping name="SUCCESS">
      <vendorreturncode>0</vendorreturncode>
    </returncodemapping>
    <returncodemapping name="REBOOTING_SYSTEM">
      <vendorreturncode>1641</vendorreturncode>
    </returncodemapping>
    <returncodemapping name="REBOOT_REQUIRED">
      <vendorreturncode>3010</vendorreturncode>
    </returncodemapping>
    <!-- Error codes -->
    <returncodemapping name="ERROR">
      <vendorreturncode>1223</vendorreturncode>
      <vendorreturncode>1602</vendorreturncode>
      <vendorreturncode>1603</vendorreturncode>
    </returncodemapping>
    <returncodemapping name="UNKNOWN_OPTION">
      <vendorreturncode>1639</vendorreturncode>
    </returncodemapping>
    <returncodemapping name="NO_DOWNGRADE">
      <vendorreturncode>20005</vendorreturncode>
    </returncodemapping>
    <returncodemapping name="PASSWORD_REQUIRED">
      <vendorreturncode>5</vendorreturncode>
    </returncodemapping>
    <returncodemapping name="ERROR_INSTALL_PLATFORM_UNSUPPORTED">
      <vendorreturncode>1633</vendorreturncode>
      <vendorreturncode>20002</vendorreturncode>
      <vendorreturncode>20004</vendorreturncode>
    </returncodemapping>
  </returncodes>
  <driverarchive>
    <alldriversroot>.\Drivers</alldriversroot>
  </driverarchive>
  <inventorymetadata>
    <fullpackageidentifier>
      <msis>
        <msi componentID="100346">
          <version>6.2.2.1007</version>
          <upgradecode>{BD2F00BC-5B64-4776-8B7A-4B0FF8DC41FC}</upgradecode>
          <identifyingnumber>{1C09691B-686A-440B-9CA7-0826F56B85D8}</identifyingnumber>
        </msi>
        <msi componentID="100346">
          <version>6.2.2.1007</version>
          <upgradecode>{BD2F00BC-5B64-4776-8B7A-4B0FF8DC41FC}</upgradecode>
          <identifyingnumber>{BEF37B1F-89A6-4D22-A281-BFE9773B1F08}</identifyingnumber>
        </msi>
      </msis>
    </fullpackageidentifier>
  </inventorymetadata>
</MUPDefinition>